Cement,Blast Furnace Slag,Fly Ash,Water,Superplasticizer,Coarse Aggregate,Fine Aggregate,Age,W/C,Sp/C_pct
376.0,0.0,0.0,214.6,0.0,1003.5,762.4,3,0.5707446808510638,0.0
491.0,26.0,123.0,210.0,3.9,882.0,699.0,56,0.42769857433808556,0.007942973523421588
250.0,0.0,95.7,187.4,5.5,956.9,861.2,3,0.7496,0.022
310.0,0.0,0.0,192.0,0.0,1012.0,830.0,90,0.6193548387096774,0.0
252.1,97.1,75.6,193.8,8.3,835.5,821.4,28,0.7687425624752083,0.0329234430781436
151.0,0.0,184.0,167.0,12.0,991.0,772.0,28,1.1059602649006623,0.07947019867549669
192.0,288.0,0.0,192.0,0.0,929.8,716.1,3,1.0,0.0
259.9,100.6,78.4,170.6,10.4,935.7,762.9,28,0.6564063101192766,0.04001539053482109
236.0,0.0,0.0,194.0,0.0,968.0,885.0,3,0.8220338983050848,0.0
159.0,187.0,0.0,176.0,11.0,990.0,789.0,28,1.1069182389937107,0.06918238993710692
305.3,203.5,0.0,203.5,0.0,965.4,631.0,7,0.6665574844415328,0.0
380.0,95.0,0.0,228.0,0.0,932.0,594.0,270,0.6,0.0
183.9,122.6,0.0,203.5,0.0,959.2,800.0,90,1.10657966286025,0.0
480.0,0.0,0.0,192.0,0.0,936.0,721.0,28,0.4,0.0
166.8,250.2,0.0,203.5,0.0,975.6,692.6,7,1.2200239808153477,0.0
302.0,0.0,0.0,203.0,0.0,974.0,817.0,14,0.6721854304635762,0.0
382.0,0.0,0.0,186.0,0.0,1047.0,739.0,28,0.4869109947643979,0.0
183.9,122.6,0.0,203.5,0.0,959.2,800.0,3,1.10657966286025,0.0
326.5,0.0,137.9,199.0,10.8,801.1,792.5,28,0.6094946401225115,0.0330781010719755
198.6,132.4,0.0,192.0,0.0,978.4,825.5,3,0.9667673716012085,0.0
362.6,189.0,0.0,164.9,11.6,944.7,755.8,7,0.4547710976282405,0.031991174848317705
339.0,0.0,0.0,185.0,0.0,1069.0,754.0,28,0.5457227138643068,0.0
173.0,116.0,0.0,192.0,0.0,946.8,856.8,3,1.1098265895953756,0.0
500.1,0.0,0.0,200.0,3.0,1124.4,613.2,28,0.3999200159968006,0.005998800239952009
212.5,0.0,100.4,159.3,8.7,1007.8,903.6,14,0.7496470588235294,0.04094117647058823
145.0,0.0,134.0,181.0,11.0,979.0,812.0,28,1.2482758620689656,0.07586206896551724
250.2,166.8,0.0,203.5,0.0,977.6,694.1,28,0.8133493205435652,0.0
251.8,0.0,99.9,146.1,12.4,1006.0,899.8,100,0.58022239872915,0.04924543288324067
439.0,177.0,0.0,186.0,11.1,884.9,707.9,7,0.42369020501138954,0.025284738041002276
313.3,262.2,0.0,175.5,8.6,1046.9,611.8,7,0.5601659751037344,0.02744972869454197
173.5,50.1,173.5,164.8,6.5,1006.2,793.5,56,0.94985590778098,0.037463976945244955
339.0,0.0,0.0,197.0,0.0,968.0,781.0,180,0.5811209439528023,0.0
393.0,0.0,0.0,192.0,0.0,940.6,785.6,3,0.48854961832061067,0.0
190.3,0.0,125.2,161.9,9.9,1088.1,802.6,56,0.8507619548081976,0.05202312138728324
298.2,0.0,107.0,209.7,11.1,879.6,744.2,28,0.7032193158953722,0.03722334004024145
500.0,0.0,0.0,200.0,0.0,1125.0,613.0,1,0.4,0.0
309.9,142.8,111.2,167.8,22.1,913.9,651.2,28,0.5414649887060343,0.07131332687963861
200.0,200.0,0.0,190.0,0.0,1145.0,660.0,28,0.95,0.0
246.8,0.0,125.1,143.3,12.0,1086.8,800.9,100,0.5806320907617504,0.0486223662884927
272.8,181.9,0.0,185.7,0.0,1012.4,714.3,7,0.6807184750733137,0.0
425.0,106.3,0.0,153.5,16.5,852.1,887.1,7,0.3611764705882353,0.03882352941176471
531.3,0.0,0.0,141.8,28.2,852.1,893.7,91,0.26689252776209305,0.05307735742518351
194.7,0.0,100.5,170.2,7.5,998.0,901.8,28,0.8741653826399589,0.038520801232665644
140.0,133.0,103.0,200.0,7.0,916.0,753.0,28,1.4285714285714286,0.05
302.0,0.0,0.0,203.0,0.0,974.0,817.0,28,0.6721854304635762,0.0
300.0,0.0,120.0,212.0,10.0,878.0,728.0,28,0.7066666666666667,0.03333333333333333
166.1,0.0,163.3,176.5,4.5,1058.6,780.1,14,1.062612883804937,0.027092113184828417
231.8,0.0,121.6,174.0,6.7,1056.4,778.5,28,0.7506471095772217,0.028904227782571183
349.0,0.0,0.0,192.0,0.0,1047.0,806.0,7,0.5501432664756447,0.0
182.0,45.2,122.0,170.2,8.2,1059.4,780.7,56,0.9351648351648351,0.045054945054945054
475.0,118.8,0.0,181.1,8.9,852.1,781.5,28,0.3812631578947368,0.01873684210526316
237.5,237.5,0.0,228.0,0.0,932.0,594.0,180,0.96,0.0
157.0,236.0,0.0,192.0,0.0,935.4,781.2,90,1.2229299363057324,0.0
212.5,0.0,100.4,159.3,8.7,1007.8,903.6,56,0.7496470588235294,0.04094117647058823
425.0,106.3,0.0,153.5,16.5,852.1,887.1,28,0.3611764705882353,0.03882352941176471
225.0,0.0,0.0,181.0,0.0,1113.0,833.0,28,0.8044444444444444,0.0
321.0,164.0,0.0,190.0,5.0,870.0,774.0,28,0.5919003115264797,0.01557632398753894
238.2,158.8,0.0,185.7,0.0,1040.6,734.3,7,0.7795969773299748,0.0
525.0,0.0,0.0,189.0,0.0,1125.0,613.0,28,0.36,0.0
231.8,0.0,121.6,174.0,6.7,1056.4,778.5,100,0.7506471095772217,0.028904227782571183
516.0,0.0,0.0,162.0,8.2,801.0,802.0,28,0.313953488372093,0.015891472868217054
424.0,22.0,132.0,178.0,8.5,822.0,750.0,7,0.419811320754717,0.020047169811320754
238.1,0.0,94.1,186.7,7.0,949.9,847.0,56,0.7841243175136497,0.029399412011759767
139.6,209.4,0.0,192.0,0.0,1047.0,806.9,3,1.3753581661891119,0.0
116.0,173.0,0.0,192.0,0.0,909.8,891.9,7,1.6551724137931034,0.0
153.0,145.0,113.0,178.0,8.0,867.0,824.0,28,1.1633986928104576,0.05228758169934641
212.1,0.0,121.6,180.3,5.7,1057.6,779.3,3,0.8500707213578501,0.026874115983026876
331.0,0.0,0.0,192.0,0.0,978.0,825.0,360,0.5800604229607251,0.0
255.0,0.0,0.0,192.0,0.0,889.8,945.0,90,0.7529411764705882,0.0
531.3,0.0,0.0,141.8,28.2,852.1,893.7,28,0.26689252776209305,0.05307735742518351
318.8,212.5,0.0,155.7,14.3,852.1,880.4,91,0.4883939774153073,0.044855708908406525
236.0,0.0,0.0,193.0,0.0,968.0,885.0,7,0.8177966101694916,0.0
401.8,94.7,0.0,147.4,11.4,946.8,852.1,91,0.3668491786958686,0.028372324539571926
168.0,42.1,163.8,121.8,5.7,1058.7,780.1,100,0.725,0.03392857142857143
144.0,170.0,133.0,192.0,8.0,814.0,805.0,28,1.3333333333333333,0.05555555555555555
286.3,200.9,0.0,144.7,11.2,1004.6,803.7,91,0.505413901501921,0.03911980440097799
331.0,0.0,0.0,192.0,0.0,1025.0,821.0,90,0.5800604229607251,0.0
380.0,95.0,0.0,228.0,0.0,932.0,594.0,180,0.6,0.0
154.8,183.4,0.0,193.3,9.1,877.2,867.7,28,1.2487080103359174,0.058785529715762265
173.0,116.0,0.0,192.0,0.0,946.8,856.8,90,1.1098265895953756,0.0
275.0,0.0,0.0,183.0,0.0,1088.0,808.0,28,0.6654545454545454,0.0
322.5,148.6,0.0,185.8,8.5,951.0,709.5,28,0.576124031007752,0.02635658914728682
173.8,93.4,159.9,172.3,9.7,1007.2,746.6,3,0.9913693901035673,0.05581127733026466
362.6,189.0,0.0,164.9,11.6,944.7,755.8,3,0.4547710976282405,0.031991174848317705
212.0,0.0,124.8,159.0,7.8,1085.4,799.5,28,0.75,0.03679245283018868
153.0,102.0,0.0,192.0,0.0,888.0,943.1,90,1.2549019607843137,0.0
333.0,17.5,163.0,167.0,17.9,996.0,652.0,28,0.5015015015015015,0.05375375375375375
252.5,0.0,0.0,185.7,0.0,1111.6,784.3,28,0.7354455445544554,0.0
397.0,0.0,0.0,186.0,0.0,1040.0,734.0,28,0.46851385390428213,0.0
212.0,141.3,0.0,203.5,0.0,973.4,750.0,28,0.9599056603773585,0.0
144.0,136.0,106.0,178.0,7.0,941.0,774.0,28,1.2361111111111112,0.04861111111111111
332.5,142.5,0.0,228.0,0.0,932.0,594.0,28,0.6857142857142857,0.0
261.9,110.5,86.1,195.4,5.0,895.2,732.6,28,0.7460862924780451,0.019091256204658267
310.0,0.0,0.0,192.0,0.0,1012.0,830.0,28,0.6193548387096774,0.0
167.4,129.9,128.6,175.5,7.8,1006.3,746.6,3,1.0483870967741935,0.04659498207885304
246.8,0.0,125.1,143.3,12.0,1086.8,800.9,56,0.5806320907617504,0.0486223662884927
316.1,210.7,0.0,185.7,0.0,977.0,689.3,7,0.5874723188864283,0.0
522.0,0.0,0.0,146.0,0.0,896.0,896.0,28,0.2796934865900383,0.0
213.8,98.1,24.5,181.7,6.7,1066.0,785.5,14,0.8498596819457436,0.0313376987839102
237.5,237.5,0.0,228.0,0.0,932.0,594.0,270,0.96,0.0
446.0,24.0,79.0,162.0,11.6,967.0,712.0,3,0.3632286995515695,0.02600896860986547
331.0,0.0,0.0,192.0,0.0,1025.0,821.0,7,0.5800604229607251,0.0
374.0,189.2,0.0,170.1,10.1,926.1,756.7,3,0.4548128342245989,0.027005347593582887
167.0,75.4,167.0,164.0,7.9,1007.3,770.1,3,0.9820359281437125,0.04730538922155689
359.0,19.0,141.0,154.0,10.9,942.0,801.0,56,0.42896935933147634,0.030362116991643456
149.0,153.0,194.0,192.0,8.0,935.0,623.0,28,1.2885906040268456,0.053691275167785234
200.0,133.0,0.0,192.0,0.0,965.4,806.2,3,0.96,0.0
520.0,0.0,0.0,175.0,5.2,870.0,805.0,28,0.33653846153846156,0.01
251.4,0.0,118.3,188.5,6.4,1028.4,757.7,28,0.7498011137629276,0.02545743834526651
401.8,94.7,0.0,147.4,11.4,946.8,852.1,28,0.3668491786958686,0.028372324539571926
168.9,42.2,124.3,158.3,10.8,1080.8,796.2,14,0.9372409709887508,0.06394316163410302
255.0,0.0,0.0,192.0,0.0,889.8,945.0,28,0.7529411764705882,0.0
366.0,187.0,0.0,191.3,6.6,824.3,756.9,28,0.5226775956284153,0.0180327868852459
288.0,192.0,0.0,192.0,0.0,932.0,717.8,7,0.6666666666666666,0.0
212.1,0.0,121.6,180.3,5.7,1057.6,779.3,100,0.8500707213578501,0.026874115983026876
350.0,0.0,0.0,203.0,0.0,974.0,775.0,28,0.58,0.0
337.9,189.0,0.0,174.9,9.5,944.7,755.8,7,0.5176087599881622,0.02811482687185558
540.0,0.0,0.0,173.0,0.0,1125.0,613.0,7,0.32037037037037036,0.0
168.9,42.2,124.3,158.3,10.8,1080.8,796.2,28,0.9372409709887508,0.06394316163410302
350.0,0.0,0.0,186.0,0.0,1050.0,770.0,7,0.5314285714285715,0.0
133.0,200.0,0.0,192.0,0.0,927.4,839.2,90,1.443609022556391,0.0
331.0,0.0,0.0,192.0,0.0,1025.0,821.0,120,0.5800604229607251,0.0
336.0,0.0,0.0,182.0,3.0,986.0,817.0,28,0.5416666666666666,0.008928571428571428
313.3,262.2,0.0,175.5,8.6,1046.9,611.8,91,0.5601659751037344,0.02744972869454197
202.0,11.0,141.0,206.0,1.7,942.0,801.0,7,1.0198019801980198,0.008415841584158416
491.0,26.0,123.0,201.0,3.9,822.0,699.0,28,0.4093686354378819,0.007942973523421588
425.0,106.3,0.0,153.5,16.5,852.1,887.1,91,0.3611764705882353,0.03882352941176471
285.0,190.0,0.0,163.0,7.6,1031.0,685.0,28,0.5719298245614035,0.026666666666666665
172.4,13.6,172.4,156.8,4.1,1006.3,856.4,28,0.9095127610208817,0.023781902552204172
318.8,212.5,0.0,155.7,14.3,852.1,880.4,3,0.4883939774153073,0.044855708908406525
230.0,0.0,118.3,195.5,4.6,1029.4,758.6,14,0.85,0.019999999999999997
190.3,0.0,125.2,166.6,9.9,1079.0,798.9,3,0.8754598003152916,0.05202312138728324
277.0,0.0,0.0,191.0,0.0,968.0,856.0,28,0.6895306859205776,0.0
238.2,158.8,0.0,185.7,0.0,1040.6,734.3,28,0.7795969773299748,0.0
349.0,0.0,0.0,192.0,0.0,1047.0,806.9,3,0.5501432664756447,0.0
181.9,272.8,0.0,185.7,0.0,1012.4,714.3,7,1.0208905992303463,0.0
540.0,0.0,0.0,173.0,0.0,1125.0,613.0,90,0.32037037037037036,0.0
154.8,183.4,0.0,193.3,9.1,1047.4,696.7,28,1.2487080103359174,0.058785529715762265
286.3,200.9,0.0,144.7,11.2,1004.6,803.7,28,0.505413901501921,0.03911980440097799
166.1,0.0,163.3,176.5,4.5,1058.6,780.1,100,1.062612883804937,0.027092113184828417
160.2,188.0,146.4,203.2,11.3,828.7,709.7,28,1.268414481897628,0.07053682896379526
193.5,290.2,0.0,185.7,0.0,998.2,704.3,7,0.9596899224806201,0.0
250.0,0.0,95.7,187.4,5.5,956.9,861.2,56,0.7496,0.022
500.0,0.0,0.0,151.0,9.0,1033.0,655.0,28,0.302,0.018
249.1,0.0,98.8,158.1,12.8,987.8,889.0,14,0.6346848655158571,0.051384985949417906
439.0,177.0,0.0,186.0,11.1,884.9,707.9,3,0.42369020501138954,0.025284738041002276
249.1,0.0,98.8,158.1,12.8,987.8,889.0,3,0.6346848655158571,0.051384985949417906
475.0,0.0,0.0,228.0,0.0,932.0,594.0,7,0.48,0.0
387.0,20.0,94.0,157.0,11.6,938.0,845.0,28,0.40568475452196384,0.029974160206718347
333.0,0.0,0.0,192.0,0.0,931.2,842.6,28,0.5765765765765766,0.0
154.8,0.0,142.8,193.3,9.1,877.2,867.7,28,1.2487080103359174,0.058785529715762265
288.4,121.0,0.0,177.4,7.0,907.9,829.5,28,0.615117891816921,0.024271844660194178
252.3,0.0,98.8,146.3,14.2,987.8,889.0,56,0.5798652397938961,0.05628220372572334
295.7,0.0,95.6,171.5,8.9,955.1,859.2,14,0.579979709164694,0.030098072370645927
266.0,112.0,87.0,178.0,10.0,910.0,745.0,28,0.6691729323308271,0.03759398496240601
333.0,0.0,0.0,192.0,0.0,931.2,842.6,90,0.5765765765765766,0.0
325.0,0.0,0.0,184.0,0.0,1063.0,783.0,28,0.5661538461538461,0.0
178.0,129.8,118.6,179.9,3.6,1007.3,746.8,3,1.0106741573033708,0.020224719101123598
350.0,0.0,0.0,203.0,0.0,974.0,775.0,180,0.58,0.0
252.0,0.0,0.0,185.0,0.0,1111.0,784.0,28,0.7341269841269841,0.0
359.0,19.0,141.0,154.0,10.9,942.0,801.0,7,0.42896935933147634,0.030362116991643456
165.0,128.5,132.1,175.1,8.1,1005.8,746.6,100,1.0612121212121213,0.04909090909090909
387.0,20.0,94.0,157.0,13.9,938.0,845.0,7,0.40568475452196384,0.03591731266149871
287.3,120.5,93.9,187.6,9.2,904.4,695.9,28,0.6529759832927253,0.032022276366167765
380.0,0.0,0.0,228.0,0.0,932.0,670.0,270,0.6,0.0
284.0,120.0,0.0,168.0,7.0,970.0,794.0,28,0.5915492957746479,0.02464788732394366
173.5,50.1,173.5,164.8,6.5,1006.2,793.5,28,0.94985590778098,0.037463976945244955
424.0,22.0,132.0,178.0,8.5,822.0,750.0,56,0.419811320754717,0.020047169811320754
312.7,0.0,0.0,178.1,8.0,999.7,822.2,28,0.5695554844899264,0.025583626479053406
380.0,0.0,0.0,228.0,0.0,932.0,670.0,90,0.6,0.0
525.0,0.0,0.0,189.0,0.0,1125.0,613.0,3,0.36,0.0
266.2,112.3,87.5,177.9,10.4,909.7,744.5,28,0.6682945154019535,0.03906836964688205
385.0,0.0,0.0,186.0,0.0,966.0,763.0,14,0.4831168831168831,0.0
366.0,187.0,0.0,191.0,7.0,824.0,757.0,28,0.5218579234972678,0.01912568306010929
382.0,0.0,0.0,185.0,0.0,1047.0,739.0,7,0.48429319371727747,0.0
295.8,0.0,0.0,185.7,0.0,1091.4,769.3,28,0.627789046653144,0.0
277.2,97.8,24.5,160.7,11.2,1061.7,782.5,3,0.5797258297258298,0.0404040404040404
229.7,0.0,118.2,195.2,6.1,1028.1,757.6,56,0.8498040922942969,0.026556377884196777
297.2,0.0,117.5,174.8,9.5,1022.8,753.5,28,0.588156123822342,0.0319650067294751
475.0,0.0,0.0,228.0,0.0,932.0,594.0,365,0.48,0.0
332.5,142.5,0.0,228.0,0.0,932.0,594.0,270,0.6857142857142857,0.0
230.0,0.0,118.3,195.5,4.6,1029.4,758.6,3,0.85,0.019999999999999997
230.0,0.0,118.3,195.5,4.6,1029.4,758.6,56,0.85,0.019999999999999997
167.0,187.0,195.0,185.0,7.0,898.0,636.0,28,1.1077844311377245,0.041916167664670656
168.0,42.1,163.8,121.8,5.7,1058.7,780.1,14,0.725,0.03392857142857143
159.0,209.0,161.0,201.0,7.0,848.0,669.0,28,1.2641509433962264,0.0440251572327044
480.0,0.0,0.0,192.0,0.0,936.2,712.2,28,0.4,0.0
475.0,0.0,0.0,228.0,0.0,932.0,594.0,90,0.48,0.0
250.0,180.0,95.0,159.0,9.5,860.0,800.0,28,0.636,0.038
374.0,189.2,0.0,170.1,10.1,926.1,756.7,28,0.4548128342245989,0.027005347593582887
212.0,0.0,124.8,159.0,7.8,1085.4,799.5,56,0.75,0.03679245283018868
314.0,145.0,113.0,179.0,8.0,869.0,690.0,28,0.5700636942675159,0.025477707006369428
325.0,0.0,0.0,184.0,0.0,1063.0,783.0,7,0.5661538461538461,0.0
475.0,0.0,59.0,142.0,1.9,1098.0,641.0,28,0.29894736842105263,0.004
213.7,98.1,24.5,181.7,6.9,1065.8,785.4,56,0.8502573701450632,0.03228825456247076
173.5,50.1,173.5,164.8,6.5,1006.2,793.5,100,0.94985590778098,0.037463976945244955
214.9,53.8,121.9,155.6,9.6,1014.3,780.6,3,0.7240577012563982,0.044671940437412745
342.0,38.0,0.0,228.0,0.0,932.0,670.0,180,0.6666666666666666,0.0
165.0,128.5,132.1,175.1,8.1,1005.8,746.6,56,1.0612121212121213,0.04909090909090909
401.8,94.7,0.0,147.4,11.4,946.8,852.1,56,0.3668491786958686,0.028372324539571926
310.0,143.0,0.0,168.0,10.0,914.0,804.0,28,0.5419354838709678,0.03225806451612903
158.0,0.0,195.0,220.0,11.0,898.0,713.0,28,1.3924050632911393,0.06962025316455696
181.4,0.0,167.0,169.6,7.6,1055.6,777.8,100,0.9349503858875413,0.04189636163175303
475.0,0.0,0.0,228.0,0.0,932.0,594.0,270,0.48,0.0
153.0,145.0,113.0,178.0,8.0,1002.0,689.0,28,1.1633986928104576,0.05228758169934641
251.4,0.0,118.3,188.5,5.8,1028.4,757.7,56,0.7498011137629276,0.023070803500397773
181.4,0.0,167.0,169.6,7.6,1055.6,777.8,56,0.9349503858875413,0.04189636163175303
277.0,0.0,0.0,191.0,0.0,968.0,856.0,14,0.6895306859205776,0.0
397.0,0.0,0.0,185.0,0.0,1040.0,734.0,28,0.4659949622166247,0.0
475.0,0.0,0.0,228.0,0.0,932.0,594.0,28,0.48,0.0
140.0,164.0,128.0,237.0,6.0,869.0,656.0,28,1.6928571428571428,0.04285714285714286
272.6,0.0,89.6,198.7,10.6,931.3,762.2,28,0.7289068231841525,0.038884812912692586
318.8,212.5,0.0,155.7,14.3,852.1,880.4,7,0.4883939774153073,0.044855708908406525
239.6,359.4,0.0,185.7,0.0,941.6,664.3,7,0.7750417362270451,0.0
134.7,0.0,165.7,180.2,10.0,961.0,804.9,28,1.3377876763177432,0.07423904974016333
331.0,0.0,0.0,192.0,0.0,978.0,825.0,7,0.5800604229607251,0.0
337.9,189.0,0.0,174.9,9.5,944.7,755.8,3,0.5176087599881622,0.02811482687185558
349.0,0.0,0.0,192.0,0.0,1047.0,806.0,28,0.5501432664756447,0.0
525.0,0.0,0.0,189.0,0.0,1125.0,613.0,7,0.36,0.0
275.0,180.0,120.0,162.0,10.4,830.0,765.0,28,0.5890909090909091,0.03781818181818182
158.8,238.2,0.0,185.7,0.0,1040.6,734.3,7,1.1693954659949621,0.0
376.0,0.0,0.0,214.6,0.0,1003.5,762.4,100,0.5707446808510638,0.0
160.0,250.0,0.0,168.0,12.0,1049.0,688.0,28,1.05,0.075
178.0,129.8,118.6,179.9,3.6,1007.3,746.8,56,1.0106741573033708,0.020224719101123598
313.3,262.2,0.0,175.5,8.6,1046.9,611.8,28,0.5601659751037344,0.02744972869454197
425.0,106.3,0.0,153.5,16.5,852.1,887.1,3,0.3611764705882353,0.03882352941176471
277.0,0.0,0.0,191.0,0.0,968.0,856.0,3,0.6895306859205776,0.0
305.3,203.5,0.0,203.5,0.0,965.4,631.0,90,0.6665574844415328,0.0
158.8,238.2,0.0,185.7,0.0,1040.6,734.3,28,1.1693954659949621,0.0
313.0,0.0,0.0,178.0,8.0,1000.0,822.0,28,0.5686900958466453,0.025559105431309903
350.0,0.0,0.0,203.0,0.0,974.0,775.0,14,0.58,0.0
251.4,0.0,118.3,192.9,5.8,1043.6,754.3,3,0.7673031026252983,0.023070803500397773
166.0,259.7,0.0,183.2,12.7,858.8,826.8,28,1.1036144578313252,0.07650602409638554
397.0,0.0,0.0,185.7,0.0,1040.6,734.3,7,0.46775818639798483,0.0
500.0,0.0,0.0,200.0,0.0,1125.0,613.0,14,0.4,0.0
251.4,0.0,118.3,188.5,6.4,1028.4,757.7,56,0.7498011137629276,0.02545743834526651
425.0,106.3,0.0,153.5,16.5,852.1,887.1,56,0.3611764705882353,0.03882352941176471
376.0,0.0,0.0,214.6,0.0,1003.5,762.4,56,0.5707446808510638,0.0
298.0,0.0,107.0,210.0,11.0,880.0,744.0,28,0.7046979865771812,0.03691275167785235
141.3,212.0,0.0,203.5,0.0,971.8,748.5,90,1.4401981599433828,0.0
469.0,117.2,0.0,137.8,32.2,852.1,840.5,7,0.293816631130064,0.06865671641791045
362.6,189.0,0.0,164.9,11.6,944.7,755.8,91,0.4547710976282405,0.031991174848317705
168.0,42.1,163.8,121.8,5.7,1058.7,780.1,3,0.725,0.03392857142857143
251.4,0.0,118.3,192.9,5.8,1043.6,754.3,100,0.7673031026252983,0.023070803500397773
116.0,173.0,0.0,192.0,0.0,909.8,891.9,90,1.6551724137931034,0.0
362.6,189.0,0.0,164.9,11.6,944.7,755.8,28,0.4547710976282405,0.031991174848317705
480.0,0.0,0.0,192.0,0.0,936.0,721.0,90,0.4,0.0
184.0,86.0,190.0,213.0,6.0,923.0,623.0,28,1.1576086956521738,0.03260869565217391
102.0,153.0,0.0,192.0,0.0,887.0,942.0,28,1.8823529411764706,0.0
275.1,0.0,121.4,159.5,9.9,1053.6,777.5,56,0.5797891675754271,0.03598691384950927
212.5,0.0,100.4,159.3,8.7,1007.8,903.6,28,0.7496470588235294,0.04094117647058823
212.0,0.0,124.8,159.0,7.8,1085.4,799.5,14,0.75,0.03679245283018868
540.0,0.0,0.0,173.0,0.0,1125.0,613.0,180,0.32037037037037036,0.0
400.0,0.0,0.0,187.0,0.0,1025.0,745.0,7,0.4675,0.0
355.0,19.0,97.0,145.0,13.1,967.0,871.0,28,0.4084507042253521,0.03690140845070423
132.0,206.5,160.9,178.9,5.5,866.9,735.6,28,1.3553030303030305,0.041666666666666664
385.0,0.0,136.0,158.0,20.0,903.0,768.0,28,0.4103896103896104,0.05194805194805195
250.0,0.0,95.7,191.8,5.3,948.9,857.2,14,0.7672,0.0212
153.0,239.0,0.0,200.0,6.0,1002.0,684.0,28,1.3071895424836601,0.0392156862745098
213.5,0.0,174.2,154.6,11.7,1052.3,775.5,3,0.7241217798594848,0.05480093676814988
289.0,133.7,0.0,194.9,5.5,924.1,760.1,28,0.6743944636678201,0.01903114186851211
234.0,156.0,0.0,189.0,5.9,981.0,760.0,28,0.8076923076923077,0.025213675213675214
275.1,0.0,121.4,159.5,9.9,1053.6,777.5,14,0.5797891675754271,0.03598691384950927
342.0,38.0,0.0,228.0,0.0,932.0,670.0,270,0.6666666666666666,0.0
379.5,151.2,0.0,153.9,15.9,1134.3,605.0,7,0.40553359683794465,0.04189723320158103
281.0,0.0,0.0,186.0,0.0,1104.0,774.0,28,0.6619217081850534,0.0
252.0,0.0,0.0,185.0,0.0,1111.0,784.0,7,0.7341269841269841,0.0
305.3,203.5,0.0,203.5,0.0,965.4,631.0,28,0.6665574844415328,0.0
157.0,214.0,152.0,200.0,9.0,819.0,704.0,28,1.2738853503184713,0.05732484076433121
427.5,47.5,0.0,228.0,0.0,932.0,594.0,90,0.5333333333333333,0.0
236.9,91.7,71.5,246.9,6.0,852.9,695.4,28,1.0422119037568593,0.02532714225411566
251.8,0.0,99.9,146.1,12.4,1006.0,899.8,3,0.58022239872915,0.04924543288324067
339.0,0.0,0.0,197.0,0.0,968.0,781.0,28,0.5811209439528023,0.0
424.0,22.0,132.0,168.0,8.9,822.0,750.0,7,0.39622641509433965,0.02099056603773585
166.8,250.2,0.0,203.5,0.0,975.6,692.6,90,1.2200239808153477,0.0
350.0,0.0,0.0,203.0,0.0,974.0,775.0,7,0.58,0.0
388.6,97.1,0.0,157.9,12.1,852.1,925.7,28,0.40633041688111166,0.03113741636644364
446.0,24.0,79.0,162.0,10.3,967.0,712.0,56,0.3632286995515695,0.023094170403587445
266.0,114.0,0.0,228.0,0.0,932.0,670.0,90,0.8571428571428571,0.0
152.7,144.7,0.0,178.1,8.0,999.7,822.2,28,1.16633922724296,0.05239030779305829
139.6,209.4,0.0,192.0,0.0,1047.0,806.9,360,1.3753581661891119,0.0
200.0,0.0,0.0,180.0,0.0,1125.0,845.0,28,0.9,0.0
491.0,26.0,123.0,210.0,3.9,882.0,699.0,3,0.42769857433808556,0.007942973523421588
213.5,0.0,174.2,159.2,11.7,1043.6,771.9,56,0.7456674473067915,0.05480093676814988
295.0,0.0,0.0,185.0,0.0,1069.0,769.0,7,0.6271186440677966,0.0
349.0,0.0,0.0,192.0,0.0,1047.0,806.0,360,0.5501432664756447,0.0
157.0,236.0,0.0,192.0,0.0,935.4,781.2,3,1.2229299363057324,0.0
307.0,0.0,0.0,193.0,0.0,968.0,812.0,3,0.6286644951140065,0.0
446.0,24.0,79.0,162.0,11.6,967.0,712.0,28,0.3632286995515695,0.02600896860986547
139.6,209.4,0.0,192.0,0.0,1047.0,806.9,90,1.3753581661891119,0.0
228.0,342.1,0.0,185.7,0.0,955.8,674.3,28,0.8144736842105262,0.0
230.0,0.0,118.3,195.5,4.6,1029.4,758.6,100,0.85,0.019999999999999997
186.2,124.1,0.0,185.7,0.0,1083.4,764.3,7,0.9973147153598282,0.0
143.7,170.2,132.6,191.6,8.5,814.1,805.3,28,1.3333333333333335,0.05915100904662492
212.6,0.0,100.4,159.4,10.4,1003.8,903.8,56,0.7497648165569144,0.04891815616180621
116.0,173.0,0.0,192.0,0.0,909.8,891.9,28,1.6551724137931034,0.0
446.0,24.0,79.0,162.0,11.6,967.0,712.0,28,0.3632286995515695,0.02600896860986547
424.0,22.0,132.0,178.0,8.5,822.0,750.0,28,0.419811320754717,0.020047169811320754
332.5,142.5,0.0,228.0,0.0,932.0,594.0,90,0.6857142857142857,0.0
290.4,0.0,96.2,168.1,9.4,961.2,865.0,100,0.5788567493112948,0.03236914600550964
141.3,212.0,0.0,203.5,0.0,971.8,748.5,7,1.4401981599433828,0.0
186.2,124.1,0.0,185.7,0.0,1083.4,764.3,28,0.9973147153598282,0.0
251.8,0.0,99.9,146.1,12.4,1006.0,899.8,14,0.58022239872915,0.04924543288324067
139.6,209.4,0.0,192.0,0.0,1047.0,806.9,7,1.3753581661891119,0.0
190.3,0.0,125.2,161.9,9.9,1088.1,802.6,3,0.8507619548081976,0.05202312138728324
286.3,200.9,0.0,144.7,11.2,1004.6,803.7,7,0.505413901501921,0.03911980440097799
525.0,0.0,0.0,189.0,0.0,1125.0,613.0,14,0.36,0.0
200.0,0.0,0.0,180.0,0.0,1125.0,845.0,7,0.9,0.0
218.2,54.6,123.8,140.8,11.9,1075.7,792.7,100,0.6452795600366636,0.05453712190650779
237.0,92.0,71.0,247.0,6.0,853.0,695.0,28,1.0421940928270041,0.02531645569620253
155.0,183.0,0.0,193.0,9.0,877.0,868.0,28,1.2451612903225806,0.05806451612903226
252.3,0.0,98.8,146.3,14.2,987.8,889.0,100,0.5798652397938961,0.05628220372572334
355.9,0.0,141.6,193.3,11.0,801.4,778.4,28,0.543130092722675,0.030907558302894073
500.0,0.0,0.0,200.0,0.0,1125.0,613.0,28,0.4,0.0
252.5,0.0,0.0,185.7,0.0,1111.6,784.3,7,0.7354455445544554,0.0
266.0,114.0,0.0,228.0,0.0,932.0,670.0,365,0.8571428571428571,0.0
284.0,15.0,141.0,179.0,5.5,842.0,801.0,7,0.6302816901408451,0.01936619718309859
290.4,0.0,96.2,168.1,9.4,961.2,865.0,56,0.5788567493112948,0.03236914600550964
446.0,24.0,79.0,162.0,11.6,967.0,712.0,56,0.3632286995515695,0.02600896860986547
480.0,0.0,0.0,192.0,0.0,936.0,721.0,3,0.4,0.0
203.5,135.7,0.0,185.7,0.0,1076.2,759.3,28,0.9125307125307125,0.0
141.3,212.0,0.0,203.5,0.0,971.8,748.5,28,1.4401981599433828,0.0
233.8,0.0,94.6,197.9,4.6,947.0,852.2,100,0.8464499572284003,0.01967493584260051
262.0,111.0,86.0,195.0,5.0,895.0,733.0,28,0.7442748091603053,0.019083969465648856
212.5,0.0,100.4,159.3,8.7,1007.8,903.6,3,0.7496470588235294,0.04094117647058823
424.0,22.0,132.0,168.0,8.9,822.0,750.0,56,0.39622641509433965,0.02099056603773585
145.0,0.0,179.0,202.0,8.0,824.0,869.0,28,1.393103448275862,0.05517241379310345
332.5,142.5,0.0,228.0,0.0,932.0,594.0,365,0.6857142857142857,0.0
229.7,0.0,118.2,195.2,6.1,1028.1,757.6,28,0.8498040922942969,0.026556377884196777
166.0,260.0,0.0,183.0,13.0,859.0,827.0,28,1.1024096385542168,0.0783132530120482
359.0,19.0,141.0,154.0,10.9,942.0,801.0,3,0.42896935933147634,0.030362116991643456
485.0,0.0,0.0,146.0,0.0,1120.0,800.0,28,0.30103092783505153,0.0
213.8,98.1,24.5,181.7,6.7,1066.0,785.5,3,0.8498596819457436,0.0313376987839102
162.0,207.0,172.0,216.0,10.0,822.0,638.0,28,1.3333333333333333,0.06172839506172839
322.2,0.0,115.6,196.0,10.4,817.9,813.4,28,0.6083178150217257,0.03227808814400993
382.5,0.0,0.0,185.7,0.0,1047.8,739.3,7,0.48549019607843136,0.0
165.0,0.0,143.6,163.8,0.0,1005.6,900.9,28,0.9927272727272728,0.0
203.5,305.3,0.0,203.5,0.0,963.4,630.0,7,1.0,0.0
393.0,0.0,0.0,192.0,0.0,940.6,785.6,90,0.48854961832061067,0.0
302.0,0.0,0.0,203.0,0.0,974.0,817.0,180,0.6721854304635762,0.0
192.0,288.0,0.0,192.0,0.0,929.8,716.1,7,1.0,0.0
251.4,0.0,118.3,188.5,5.8,1028.4,757.7,3,0.7498011137629276,0.023070803500397773
349.0,0.0,0.0,192.0,0.0,1056.0,809.0,120,0.5501432664756447,0.0
159.8,250.0,0.0,168.4,12.2,1049.3,688.2,28,1.053817271589487,0.07634543178973716
310.0,0.0,0.0,192.0,0.0,970.0,850.0,7,0.6193548387096774,0.0
251.4,0.0,118.3,188.5,5.8,1028.4,757.7,14,0.7498011137629276,0.023070803500397773
122.6,183.9,0.0,203.5,0.0,958.2,800.1,90,1.6598694942903753,0.0
289.0,134.0,0.0,195.0,6.0,924.0,760.0,28,0.6747404844290658,0.020761245674740483
500.0,0.0,0.0,200.0,0.0,1125.0,613.0,3,0.4,0.0
331.0,0.0,0.0,192.0,0.0,978.0,825.0,90,0.5800604229607251,0.0
213.8,98.1,24.5,181.7,6.7,1066.0,785.5,28,0.8498596819457436,0.0313376987839102
337.9,189.0,0.0,174.9,9.5,944.7,755.8,56,0.5176087599881622,0.02811482687185558
380.0,95.0,0.0,228.0,0.0,932.0,594.0,28,0.6,0.0
540.0,0.0,0.0,173.0,0.0,1125.0,613.0,270,0.32037037037037036,0.0
251.8,0.0,99.9,146.1,12.4,1006.0,899.8,56,0.58022239872915,0.04924543288324067
233.8,0.0,94.6,197.9,4.6,947.0,852.2,28,0.8464499572284003,0.01967493584260051
349.0,0.0,0.0,192.0,0.0,1047.0,806.0,90,0.5501432664756447,0.0
277.1,0.0,97.4,160.6,11.8,973.9,875.6,14,0.5795741609527246,0.042583904727535184
158.6,148.9,116.0,175.1,15.0,953.3,719.7,28,1.1040353089533417,0.09457755359394704
265.0,111.0,86.0,195.0,6.0,833.0,790.0,28,0.7358490566037735,0.022641509433962263
307.0,0.0,0.0,193.0,0.0,968.0,812.0,90,0.6286644951140065,0.0
173.0,116.0,0.0,192.0,0.0,946.8,856.8,7,1.1098265895953756,0.0
397.0,17.2,158.0,167.0,20.8,967.0,633.0,28,0.42065491183879095,0.05239294710327456
194.7,0.0,100.5,170.2,7.5,998.0,901.8,14,0.8741653826399589,0.038520801232665644
427.5,47.5,0.0,228.0,0.0,932.0,594.0,28,0.5333333333333333,0.0
213.7,0.0,174.7,154.8,10.2,1053.5,776.4,3,0.724379971923257,0.04773046326626111
261.0,100.0,78.0,201.0,9.0,864.0,761.0,28,0.7701149425287356,0.034482758620689655
246.8,0.0,125.1,143.3,12.0,1086.8,800.9,3,0.5806320907617504,0.0486223662884927
147.8,175.1,0.0,171.2,2.2,1000.0,828.5,28,1.1583220568335586,0.014884979702300407
238.0,0.0,0.0,185.0,0.0,1118.0,789.0,28,0.7773109243697479,0.0
322.0,149.0,0.0,186.0,8.0,951.0,709.0,28,0.577639751552795,0.024844720496894408
307.0,0.0,0.0,193.0,0.0,968.0,812.0,28,0.6286644951140065,0.0
133.0,210.0,0.0,196.0,3.0,949.0,795.0,28,1.4736842105263157,0.022556390977443608
339.2,0.0,0.0,185.7,0.0,1069.2,754.3,28,0.5474646226415094,0.0
250.2,166.8,0.0,203.5,0.0,977.6,694.1,3,0.8133493205435652,0.0
166.8,250.2,0.0,203.5,0.0,975.6,692.6,28,1.2200239808153477,0.0
401.8,94.7,0.0,147.4,11.4,946.8,852.1,7,0.3668491786958686,0.028372324539571926
202.0,11.0,141.0,206.0,1.7,942.0,801.0,56,1.0198019801980198,0.008415841584158416
359.0,19.0,141.0,154.0,10.9,942.0,801.0,56,0.42896935933147634,0.030362116991643456
296.0,0.0,0.0,186.0,0.0,1090.0,769.0,7,0.6283783783783784,0.0
491.0,26.0,123.0,201.0,3.9,822.0,699.0,3,0.4093686354378819,0.007942973523421588
330.5,169.6,0.0,194.9,8.1,811.0,802.3,28,0.5897125567322239,0.024508320726172466
300.0,0.0,0.0,184.0,0.0,1075.0,795.0,7,0.6133333333333333,0.0
145.7,172.6,0.0,181.9,3.4,985.8,816.8,28,1.2484557309540152,0.023335621139327387
218.2,54.6,123.8,140.8,11.9,1075.7,792.7,28,0.6452795600366636,0.05453712190650779
321.4,0.0,127.9,182.5,11.5,870.1,779.7,28,0.5678282514001245,0.0357809583074051
213.5,0.0,174.2,154.6,11.7,1052.3,775.5,56,0.7241217798594848,0.05480093676814988
251.4,0.0,118.3,192.9,5.8,1043.6,754.3,28,0.7673031026252983,0.023070803500397773
133.1,210.2,0.0,195.7,3.1,949.4,795.3,28,1.4703230653643877,0.023290758827948913
141.3,212.0,0.0,203.5,0.0,971.8,748.5,3,1.4401981599433828,0.0
168.9,42.2,124.3,158.3,10.8,1080.8,796.2,56,0.9372409709887508,0.06394316163410302
323.7,282.8,0.0,183.8,10.3,942.7,659.9,28,0.5678097003398209,0.03181958603645351
236.0,0.0,0.0,194.0,0.0,968.0,885.0,90,0.8220338983050848,0.0
153.6,144.2,112.3,220.1,10.1,923.2,657.9,28,1.4329427083333333,0.06575520833333333
251.8,0.0,99.9,146.1,12.4,1006.0,899.8,28,0.58022239872915,0.04924543288324067
387.0,20.0,94.0,157.0,13.9,938.0,845.0,28,0.40568475452196384,0.03591731266149871
288.0,121.0,0.0,177.0,7.0,908.0,829.0,28,0.6145833333333334,0.024305555555555556
297.2,0.0,117.5,174.8,9.5,1022.8,753.5,3,0.588156123822342,0.0319650067294751
374.3,0.0,0.0,190.2,6.7,1013.2,730.4,28,0.5081485439487042,0.01790008014961261
203.5,135.7,0.0,185.7,0.0,1076.2,759.3,7,0.9125307125307125,0.0
299.8,0.0,119.8,211.5,9.9,878.2,727.6,28,0.7054703135423616,0.03302201467645097
525.0,0.0,0.0,189.0,0.0,1125.0,613.0,270,0.36,0.0
164.0,0.0,200.0,181.0,13.0,849.0,846.0,28,1.103658536585366,0.07926829268292683
225.0,0.0,0.0,181.0,0.0,1113.0,833.0,7,0.8044444444444444,0.0
250.0,0.0,95.7,191.8,5.3,948.9,857.2,3,0.7672,0.0212
167.0,75.4,167.0,164.0,7.9,1007.3,770.1,28,0.9820359281437125,0.04730538922155689
295.8,0.0,0.0,185.7,0.0,1091.4,769.3,7,0.627789046653144,0.0
439.0,177.0,0.0,186.0,11.1,884.9,707.9,28,0.42369020501138954,0.025284738041002276
213.7,98.1,24.5,181.7,6.9,1065.8,785.4,100,0.8502573701450632,0.03228825456247076
167.4,129.9,128.6,175.5,7.8,1006.3,746.6,14,1.0483870967741935,0.04659498207885304
331.0,0.0,0.0,192.0,0.0,978.0,825.0,3,0.5800604229607251,0.0
218.2,54.6,123.8,140.8,11.9,1075.7,792.7,3,0.6452795600366636,0.05453712190650779
218.9,0.0,124.1,158.5,11.3,1078.7,794.9,28,0.7240749200548195,0.05162174508908177
375.0,0.0,0.0,186.0,0.0,1038.0,758.0,7,0.496,0.0
214.9,53.8,121.9,155.6,9.6,1014.3,780.6,56,0.7240577012563982,0.044671940437412745
156.0,178.0,187.0,221.0,7.0,854.0,614.0,28,1.4166666666666667,0.04487179487179487
349.0,0.0,0.0,192.0,0.0,1056.0,809.0,3,0.5501432664756447,0.0
349.0,0.0,0.0,192.0,0.0,1047.0,806.0,180,0.5501432664756447,0.0
252.0,97.0,76.0,194.0,8.0,835.0,821.0,28,0.7698412698412699,0.031746031746031744
164.2,0.0,200.1,181.2,12.6,849.3,846.0,28,1.1035322777101095,0.07673568818514008
166.8,250.2,0.0,203.5,0.0,975.6,692.6,3,1.2200239808153477,0.0
296.0,0.0,0.0,192.0,0.0,1085.0,765.0,28,0.6486486486486487,0.0
190.3,0.0,125.2,166.6,9.9,1079.0,798.9,28,0.8754598003152916,0.05202312138728324
359.0,19.0,141.0,154.0,10.9,942.0,801.0,28,0.42896935933147634,0.030362116991643456
436.0,0.0,0.0,218.0,0.0,838.4,719.7,28,0.5,0.0
139.7,163.9,127.7,236.7,5.8,868.6,655.6,28,1.6943450250536864,0.04151753758052971
427.5,47.5,0.0,228.0,0.0,932.0,594.0,270,0.5333333333333333,0.0
387.0,20.0,94.0,157.0,11.6,938.0,845.0,3,0.40568475452196384,0.029974160206718347
295.7,0.0,95.6,171.5,8.9,955.1,859.2,56,0.579979709164694,0.030098072370645927
342.0,38.0,0.0,228.0,0.0,932.0,670.0,90,0.6666666666666666,0.0
516.0,0.0,0.0,162.0,8.3,801.0,802.0,28,0.313953488372093,0.01608527131782946
164.6,0.0,150.4,181.6,11.7,1023.3,728.9,28,1.103280680437424,0.07108140947752126
154.0,174.0,185.0,228.0,7.0,845.0,612.0,28,1.4805194805194806,0.045454545454545456
439.0,177.0,0.0,186.0,11.1,884.9,707.9,91,0.42369020501138954,0.025284738041002276
198.6,132.4,0.0,192.0,0.0,978.4,825.5,180,0.9667673716012085,0.0
154.0,144.0,112.0,220.0,10.0,923.0,658.0,28,1.4285714285714286,0.06493506493506493
318.8,212.5,0.0,155.7,14.3,852.1,880.4,28,0.4883939774153073,0.044855708908406525
520.0,0.0,0.0,170.0,5.2,855.0,855.0,28,0.3269230769230769,0.01
155.0,184.0,143.0,194.0,9.0,880.0,699.0,28,1.2516129032258065,0.05806451612903226
374.0,189.2,0.0,170.1,10.1,926.1,756.7,56,0.4548128342245989,0.027005347593582887
170.3,155.5,0.0,185.7,0.0,1026.6,724.3,28,1.0904286553141513,0.0
212.0,0.0,124.8,159.0,7.8,1085.4,799.5,100,0.75,0.03679245283018868
397.0,0.0,0.0,185.7,0.0,1040.6,734.3,28,0.46775818639798483,0.0
446.0,24.0,79.0,162.0,11.6,967.0,712.0,3,0.3632286995515695,0.02600896860986547
173.0,116.0,0.0,192.0,0.0,946.8,856.8,28,1.1098265895953756,0.0
446.0,24.0,79.0,162.0,11.6,967.0,712.0,56,0.3632286995515695,0.02600896860986547
297.8,137.2,106.9,201.3,6.0,878.4,655.3,28,0.6759570181329752,0.020147750167897917
132.0,207.0,161.0,179.0,5.0,867.0,736.0,28,1.356060606060606,0.03787878787878788
279.8,128.9,100.4,172.4,9.5,825.1,804.9,28,0.6161543959971408,0.03395282344531808
194.7,0.0,100.5,165.6,7.5,1006.4,905.9,56,0.8505392912172574,0.038520801232665644
333.0,0.0,0.0,192.0,0.0,931.2,842.6,3,0.5765765765765766,0.0
310.0,0.0,0.0,192.0,0.0,1012.0,830.0,120,0.6193548387096774,0.0
424.0,22.0,132.0,168.0,8.9,822.0,750.0,28,0.39622641509433965,0.02099056603773585
238.1,0.0,94.1,186.7,7.0,949.9,847.0,100,0.7841243175136497,0.029399412011759767
231.8,0.0,121.6,174.0,6.7,1056.4,778.5,14,0.7506471095772217,0.028904227782571183
273.0,105.0,82.0,210.0,9.0,904.0,680.0,28,0.7692307692307693,0.03296703296703297
376.0,0.0,0.0,214.6,0.0,1003.5,762.4,28,0.5707446808510638,0.0
331.0,170.0,0.0,195.0,8.0,811.0,802.0,28,0.5891238670694864,0.02416918429003021
379.5,151.2,0.0,153.9,15.9,1134.3,605.0,3,0.40553359683794465,0.04189723320158103
143.0,169.4,142.7,190.7,8.4,967.4,643.5,28,1.3335664335664335,0.058741258741258746
212.6,0.0,100.4,159.4,10.4,1003.8,903.8,14,0.7497648165569144,0.04891815616180621
133.0,200.0,0.0,192.0,0.0,927.4,839.2,28,1.443609022556391,0.0
389.9,189.0,0.0,145.9,22.0,944.7,755.8,91,0.37419851243908697,0.05642472428827905
305.0,0.0,100.0,196.0,10.0,959.0,705.0,28,0.6426229508196721,0.03278688524590164
339.0,0.0,0.0,185.0,0.0,1069.0,754.0,7,0.5457227138643068,0.0
254.0,0.0,0.0,198.0,0.0,968.0,863.0,3,0.7795275590551181,0.0
231.8,0.0,121.6,174.0,6.7,1056.4,778.5,56,0.7506471095772217,0.028904227782571183
264.5,111.0,86.5,195.5,5.9,832.6,790.4,28,0.7391304347826086,0.0223062381852552
190.3,0.0,125.2,161.9,9.9,1088.1,802.6,14,0.8507619548081976,0.05202312138728324
153.0,102.0,0.0,192.0,0.0,888.0,943.1,7,1.2549019607843137,0.0
339.0,0.0,0.0,197.0,0.0,968.0,781.0,90,0.5811209439528023,0.0
313.8,0.0,112.6,169.9,10.1,925.3,782.9,28,0.541427660930529,0.03218610579987253
321.0,0.0,128.0,182.0,11.0,870.0,780.0,28,0.5669781931464174,0.03426791277258567
374.0,0.0,0.0,190.0,7.0,1013.0,730.0,28,0.5080213903743316,0.01871657754010695
250.2,166.8,0.0,203.5,0.0,977.6,694.1,90,0.8133493205435652,0.0
182.0,45.2,122.0,170.2,8.2,1059.4,780.7,3,0.9351648351648351,0.045054945054945054
183.9,122.6,0.0,203.5,0.0,959.2,800.0,7,1.10657966286025,0.0
379.5,151.2,0.0,153.9,15.9,1134.3,605.0,28,0.40553359683794465,0.04189723320158103
298.1,0.0,107.5,163.6,12.8,953.2,784.0,28,0.5488091244548808,0.04293861120429386
296.0,0.0,107.0,221.0,11.0,819.0,778.0,28,0.7466216216216216,0.037162162162162164
182.0,45.2,122.0,170.2,8.2,1059.4,780.7,100,0.9351648351648351,0.045054945054945054
446.0,24.0,79.0,162.0,11.6,967.0,712.0,7,0.3632286995515695,0.02600896860986547
297.2,0.0,117.5,174.8,9.5,1022.8,753.5,56,0.588156123822342,0.0319650067294751
339.0,0.0,0.0,197.0,0.0,968.0,781.0,365,0.5811209439528023,0.0
322.0,0.0,0.0,203.0,0.0,974.0,800.0,180,0.6304347826086957,0.0
379.5,151.2,0.0,153.9,15.9,1134.3,605.0,56,0.40553359683794465,0.04189723320158103
313.3,0.0,113.0,178.5,8.0,1001.9,688.7,28,0.5697414618576444,0.025534631343759974
531.3,0.0,0.0,141.8,28.2,852.1,893.7,56,0.26689252776209305,0.05307735742518351
469.0,117.2,0.0,137.8,32.2,852.1,840.5,56,0.293816631130064,0.06865671641791045
355.0,19.0,97.0,145.0,12.3,967.0,871.0,28,0.4084507042253521,0.034647887323943666
218.2,54.6,123.8,140.8,11.9,1075.7,792.7,56,0.6452795600366636,0.05453712190650779
229.7,0.0,118.2,195.2,6.1,1028.1,757.6,3,0.8498040922942969,0.026556377884196777
166.1,0.0,163.3,176.5,4.5,1058.6,780.1,56,1.062612883804937,0.027092113184828417
387.0,20.0,94.0,157.0,13.9,938.0,845.0,3,0.40568475452196384,0.03591731266149871
480.0,0.0,0.0,192.0,0.0,936.2,712.2,7,0.4,0.0
387.0,20.0,94.0,157.0,13.9,938.0,845.0,56,0.40568475452196384,0.03591731266149871
491.0,26.0,123.0,210.0,3.9,882.0,699.0,7,0.42769857433808556,0.007942973523421588
349.0,0.0,0.0,192.0,0.0,1056.0,809.0,7,0.5501432664756447,0.0
298.1,0.0,107.0,186.4,6.1,879.0,815.2,28,0.6252935256625293,0.020462931902046292
155.0,0.0,143.0,193.0,9.0,877.0,868.0,28,1.2451612903225806,0.05806451612903226
349.0,0.0,0.0,192.0,0.0,1056.0,809.0,28,0.5501432664756447,0.0
212.6,0.0,100.4,159.4,10.4,1003.8,903.8,3,0.7497648165569144,0.04891815616180621
295.7,0.0,95.6,171.5,8.9,955.1,859.2,28,0.579979709164694,0.030098072370645927
167.4,129.9,128.6,175.5,7.8,1006.3,746.6,56,1.0483870967741935,0.04659498207885304
277.0,0.0,0.0,191.0,0.0,968.0,856.0,180,0.6895306859205776,0.0
296.0,0.0,0.0,192.0,0.0,1085.0,765.0,90,0.6486486486486487,0.0
381.4,0.0,0.0,185.7,0.0,1104.6,784.3,7,0.4868904037755637,0.0
500.0,0.0,0.0,200.0,0.0,1125.0,613.0,7,0.4,0.0
500.0,0.0,0.0,200.0,0.0,1125.0,613.0,270,0.4,0.0
213.5,0.0,174.2,154.6,11.7,1052.3,775.5,14,0.7241217798594848,0.05480093676814988
350.0,0.0,0.0,203.0,0.0,974.0,775.0,56,0.58,0.0
203.5,305.3,0.0,203.5,0.0,963.4,630.0,3,1.0,0.0
475.0,0.0,0.0,162.0,9.5,1044.0,662.0,28,0.3410526315789474,0.02
356.0,0.0,142.0,193.0,11.0,801.0,778.0,28,0.5421348314606742,0.03089887640449438
212.1,0.0,121.6,180.3,5.7,1057.6,779.3,56,0.8500707213578501,0.026874115983026876
388.6,97.1,0.0,157.9,12.1,852.1,925.7,3,0.40633041688111166,0.03113741636644364
190.3,0.0,125.2,161.9,9.9,1088.1,802.6,28,0.8507619548081976,0.05202312138728324
385.0,0.0,0.0,186.0,0.0,966.0,763.0,3,0.4831168831168831,0.0
250.2,166.8,0.0,203.5,0.0,977.6,694.1,7,0.8133493205435652,0.0
380.0,95.0,0.0,228.0,0.0,932.0,594.0,90,0.6,0.0
222.4,0.0,96.7,189.3,4.5,967.1,870.3,3,0.8511690647482014,0.020233812949640287
310.0,142.8,0.0,167.9,10.0,914.3,804.0,28,0.5416129032258065,0.03225806451612903
310.0,0.0,0.0,192.0,0.0,970.0,850.0,28,0.6193548387096774,0.0
122.6,183.9,0.0,203.5,0.0,958.2,800.1,7,1.6598694942903753,0.0
164.0,163.0,128.0,197.0,8.0,961.0,641.0,28,1.201219512195122,0.04878048780487805
312.7,144.7,0.0,127.3,8.0,999.7,822.2,28,0.4070994563479373,0.025583626479053406
214.9,53.8,121.9,155.6,9.6,1014.3,780.6,14,0.7240577012563982,0.044671940437412745
251.4,0.0,118.3,192.9,5.8,1043.6,754.3,56,0.7673031026252983,0.023070803500397773
528.0,0.0,0.0,185.0,6.9,920.0,720.0,28,0.3503787878787879,0.013068181818181819
213.8,98.1,24.5,181.7,6.7,1066.0,785.5,100,0.8498596819457436,0.0313376987839102
389.9,189.0,0.0,145.9,22.0,944.7,755.8,7,0.37419851243908697,0.05642472428827905
314.0,0.0,113.0,170.0,10.0,925.0,783.0,28,0.5414012738853503,0.03184713375796178
143.0,169.0,143.0,191.0,8.0,967.0,643.0,28,1.3356643356643356,0.055944055944055944
151.6,0.0,111.9,184.4,7.9,992.0,815.9,28,1.216358839050132,0.05211081794195251
290.4,0.0,96.2,168.1,9.4,961.2,865.0,28,0.5788567493112948,0.03236914600550964
289.0,0.0,0.0,192.0,0.0,913.2,895.3,90,0.6643598615916955,0.0
304.0,76.0,0.0,228.0,0.0,932.0,670.0,90,0.75,0.0
218.9,0.0,124.1,158.5,11.3,1078.7,794.9,100,0.7240749200548195,0.05162174508908177
173.8,93.4,159.9,172.3,9.7,1007.2,746.6,56,0.9913693901035673,0.05581127733026466
531.3,0.0,0.0,141.8,28.2,852.1,893.7,3,0.26689252776209305,0.05307735742518351
289.0,0.0,0.0,192.0,0.0,913.2,895.3,7,0.6643598615916955,0.0
212.0,141.3,0.0,203.5,0.0,973.4,750.0,90,0.9599056603773585,0.0
255.0,99.0,77.0,189.0,6.0,919.0,749.0,28,0.7411764705882353,0.023529411764705882
200.0,133.0,0.0,192.0,0.0,965.4,806.2,7,0.96,0.0
190.3,0.0,125.2,166.6,9.9,1079.0,798.9,56,0.8754598003152916,0.05202312138728324
108.3,162.4,0.0,203.5,0.0,938.2,849.0,28,1.8790397045244691,0.0
304.0,76.0,0.0,228.0,0.0,932.0,670.0,28,0.75,0.0
159.1,186.7,0.0,175.6,11.3,989.6,788.9,28,1.103708359522313,0.071024512884978
190.3,0.0,125.2,161.9,9.9,1088.1,802.6,100,0.8507619548081976,0.05202312138728324
152.0,0.0,112.0,184.0,8.0,992.0,816.0,28,1.2105263157894737,0.05263157894736842
310.0,0.0,0.0,192.0,0.0,1012.0,830.0,7,0.6193548387096774,0.0
250.0,0.0,95.7,187.4,5.5,956.9,861.2,100,0.7496,0.022
194.7,0.0,100.5,170.2,7.5,998.0,901.8,100,0.8741653826399589,0.038520801232665644
491.0,26.0,123.0,210.0,3.9,882.0,699.0,28,0.42769857433808556,0.007942973523421588
362.6,189.0,0.0,164.9,11.6,944.7,755.8,56,0.4547710976282405,0.031991174848317705
280.0,129.0,100.0,172.0,9.0,825.0,805.0,28,0.6142857142857143,0.03214285714285714
190.7,0.0,125.4,162.1,7.8,1090.0,804.0,3,0.8500262191924489,0.04090194022024122
331.0,0.0,0.0,192.0,0.0,1025.0,821.0,28,0.5800604229607251,0.0
380.0,95.0,0.0,228.0,0.0,932.0,594.0,7,0.6,0.0
213.7,0.0,174.7,154.8,10.2,1053.5,776.4,14,0.724379971923257,0.04773046326626111
181.4,0.0,167.0,169.6,7.6,1055.6,777.8,28,0.9349503858875413,0.04189636163175303
236.0,157.0,0.0,192.0,0.0,972.6,749.1,3,0.8135593220338984,0.0
254.0,0.0,0.0,198.0,0.0,968.0,863.0,365,0.7795275590551181,0.0
339.0,0.0,0.0,197.0,0.0,968.0,781.0,7,0.5811209439528023,0.0
141.9,166.6,129.7,173.5,10.9,882.6,785.3,28,1.222692036645525,0.07681465821000705
173.5,50.1,173.5,164.8,6.5,1006.2,793.5,14,0.94985590778098,0.037463976945244955
405.0,0.0,0.0,175.0,0.0,1120.0,695.0,28,0.43209876543209874,0.0
135.0,105.0,193.0,196.0,6.0,965.0,643.0,28,1.451851851851852,0.044444444444444446
230.0,0.0,118.3,195.5,4.6,1029.4,758.6,28,0.85,0.019999999999999997
475.0,118.8,0.0,181.1,8.9,852.1,781.5,91,0.3812631578947368,0.01873684210526316
304.0,140.0,0.0,214.0,6.0,895.0,722.0,28,0.7039473684210527,0.019736842105263157
139.6,209.4,0.0,192.0,0.0,1047.0,806.9,180,1.3753581661891119,0.0
540.0,0.0,0.0,162.0,2.5,1055.0,676.0,28,0.3,0.004629629629629629
540.0,0.0,0.0,173.0,0.0,1125.0,613.0,28,0.32037037037037036,0.0
200.0,133.0,0.0,192.0,0.0,965.4,806.2,90,0.96,0.0
286.3,200.9,0.0,144.7,11.2,1004.6,803.7,3,0.505413901501921,0.03911980440097799
323.7,282.8,0.0,183.8,10.3,942.7,659.9,7,0.5678097003398209,0.03181958603645351
168.0,42.1,163.8,121.8,5.7,1058.7,780.1,56,0.725,0.03392857142857143
190.0,190.0,0.0,228.0,0.0,932.0,670.0,90,1.2,0.0
231.8,0.0,121.6,174.0,6.7,1056.4,778.5,3,0.7506471095772217,0.028904227782571183
146.5,114.6,89.3,201.9,8.8,860.0,829.5,28,1.3781569965870308,0.06006825938566553
190.7,0.0,125.4,162.1,7.8,1090.0,804.0,100,0.8500262191924489,0.04090194022024122
475.0,0.0,0.0,228.0,0.0,932.0,594.0,180,0.48,0.0
304.0,76.0,0.0,228.0,0.0,932.0,670.0,365,0.75,0.0
190.0,190.0,0.0,228.0,0.0,932.0,670.0,270,1.2,0.0
297.2,0.0,117.5,174.8,9.5,1022.8,753.5,14,0.588156123822342,0.0319650067294751
281.0,0.0,0.0,185.0,0.0,1104.0,774.0,28,0.6583629893238434,0.0
277.0,0.0,0.0,191.0,0.0,968.0,856.0,90,0.6895306859205776,0.0
213.7,98.1,24.5,181.7,6.9,1065.8,785.4,14,0.8502573701450632,0.03228825456247076
425.0,106.3,0.0,151.4,18.6,936.0,803.7,28,0.3562352941176471,0.04376470588235294
236.0,0.0,0.0,194.0,0.0,968.0,885.0,14,0.8220338983050848,0.0
313.3,262.2,0.0,175.5,8.6,1046.9,611.8,3,0.5601659751037344,0.02744972869454197
388.6,97.1,0.0,157.9,12.1,852.1,925.7,91,0.40633041688111166,0.03113741636644364
300.0,0.0,0.0,184.0,0.0,1075.0,795.0,28,0.6133333333333333,0.0
203.5,305.3,0.0,203.5,0.0,963.4,630.0,28,1.0,0.0
229.7,0.0,118.2,195.2,6.1,1028.1,757.6,100,0.8498040922942969,0.026556377884196777
295.7,0.0,95.6,171.5,8.9,955.1,859.2,3,0.579979709164694,0.030098072370645927
313.0,0.0,113.0,178.0,8.0,1002.0,689.0,28,0.5686900958466453,0.025559105431309903
194.7,0.0,100.5,165.6,7.5,1006.4,905.9,14,0.8505392912172574,0.038520801232665644
165.0,0.0,143.6,163.8,0.0,1005.6,900.9,56,0.9927272727272728,0.0
133.0,200.0,0.0,192.0,0.0,927.4,839.2,7,1.443609022556391,0.0
212.6,0.0,100.4,159.4,10.4,1003.8,903.8,28,0.7497648165569144,0.04891815616180621
144.0,15.0,195.0,176.0,6.0,1021.0,709.0,28,1.2222222222222223,0.041666666666666664
150.9,0.0,183.9,166.6,11.6,991.2,772.2,28,1.1040424121935055,0.07687210072895957
331.0,0.0,0.0,192.0,0.0,978.0,825.0,180,0.5800604229607251,0.0
337.9,189.0,0.0,174.9,9.5,944.7,755.8,91,0.5176087599881622,0.02811482687185558
393.0,0.0,0.0,192.0,0.0,940.0,758.0,90,0.48854961832061067,0.0
446.0,24.0,79.0,162.0,11.6,967.0,712.0,28,0.3632286995515695,0.02600896860986547
389.9,189.0,0.0,145.9,22.0,944.7,755.8,28,0.37419851243908697,0.05642472428827905
251.4,0.0,118.3,188.5,6.4,1028.4,757.7,3,0.7498011137629276,0.02545743834526651
313.0,145.0,0.0,178.0,8.0,1002.0,689.0,28,0.5686900958466453,0.025559105431309903
190.7,0.0,125.4,162.1,7.8,1090.0,804.0,14,0.8500262191924489,0.04090194022024122
149.0,118.0,92.0,183.0,7.0,953.0,780.0,28,1.2281879194630871,0.04697986577181208
165.0,0.0,143.6,163.8,0.0,1005.6,900.9,3,0.9927272727272728,0.0
260.9,100.5,78.3,200.6,8.6,864.5,761.5,28,0.7688769643541588,0.03296282100421618
155.6,243.5,0.0,180.3,10.7,1022.0,697.7,28,1.1587403598971724,0.06876606683804627
277.1,0.0,97.4,160.6,11.8,973.9,875.6,56,0.5795741609527246,0.042583904727535184
387.0,20.0,94.0,157.0,11.6,938.0,845.0,7,0.40568475452196384,0.029974160206718347
342.0,38.0,0.0,228.0,0.0,932.0,670.0,365,0.6666666666666666,0.0
233.8,0.0,94.6,197.9,4.6,947.0,852.2,3,0.8464499572284003,0.01967493584260051
331.0,0.0,0.0,192.0,0.0,978.0,825.0,28,0.5800604229607251,0.0
213.5,0.0,174.2,159.2,11.7,1043.6,771.9,3,0.7456674473067915,0.05480093676814988
425.0,106.3,0.0,151.4,18.6,936.0,803.7,7,0.3562352941176471,0.04376470588235294
290.4,0.0,96.2,168.1,9.4,961.2,865.0,14,0.5788567493112948,0.03236914600550964
500.0,0.0,0.0,200.0,0.0,1125.0,613.0,90,0.4,0.0
228.0,342.1,0.0,185.7,0.0,955.8,674.3,7,0.8144736842105262,0.0
236.0,0.0,0.0,194.0,0.0,968.0,885.0,28,0.8220338983050848,0.0
277.2,97.8,24.5,160.7,11.2,1061.7,782.5,14,0.5797258297258298,0.0404040404040404
210.7,316.1,0.0,185.7,0.0,977.0,689.3,7,0.8813478879924063,0.0
359.0,19.0,141.0,154.0,10.9,942.0,801.0,3,0.42896935933147634,0.030362116991643456
480.0,0.0,0.0,192.0,0.0,936.2,712.2,90,0.4,0.0
540.0,0.0,0.0,173.0,0.0,1125.0,613.0,14,0.32037037037037036,0.0
218.9,0.0,124.1,158.5,11.3,1078.7,794.9,56,0.7240749200548195,0.05162174508908177
147.0,115.0,89.0,202.0,9.0,860.0,829.0,28,1.3741496598639455,0.061224489795918366
168.0,42.1,163.8,121.8,5.7,1058.7,780.1,28,0.725,0.03392857142857143
525.0,0.0,0.0,189.0,0.0,1125.0,613.0,90,0.36,0.0
212.1,0.0,121.6,180.3,5.7,1057.6,779.3,28,0.8500707213578501,0.026874115983026876
339.2,0.0,0.0,185.7,0.0,1069.2,754.3,7,0.5474646226415094,0.0
475.0,118.8,0.0,181.1,8.9,852.1,781.5,56,0.3812631578947368,0.01873684210526316
288.0,192.0,0.0,192.0,0.0,932.0,717.8,90,0.6666666666666666,0.0
145.0,116.0,119.0,184.0,5.7,833.0,880.0,28,1.2689655172413794,0.039310344827586205
135.7,203.5,0.0,185.7,0.0,1076.2,759.3,7,1.3684598378776713,0.0
173.8,93.4,159.9,172.3,9.7,1007.2,746.6,100,0.9913693901035673,0.05581127733026466
212.6,0.0,100.4,159.4,10.4,1003.8,903.8,100,0.7497648165569144,0.04891815616180621
251.4,0.0,118.3,192.9,5.8,1043.6,754.3,14,0.7673031026252983,0.023070803500397773
425.0,106.3,0.0,151.4,18.6,936.0,803.7,91,0.3562352941176471,0.04376470588235294
254.0,0.0,0.0,198.0,0.0,968.0,863.0,90,0.7795275590551181,0.0
146.0,230.0,0.0,202.0,3.0,827.0,872.0,28,1.3835616438356164,0.02054794520547945
148.5,139.4,108.6,192.7,6.1,892.4,780.0,28,1.2976430976430975,0.041077441077441074
290.2,193.5,0.0,185.7,0.0,998.2,704.3,7,0.6399035148173673,0.0
382.0,0.0,0.0,186.0,0.0,1111.0,784.0,7,0.4869109947643979,0.0
165.0,0.0,143.6,163.8,0.0,1005.6,900.9,100,0.9927272727272728,0.0
531.3,0.0,0.0,141.8,28.2,852.1,893.7,7,0.26689252776209305,0.05307735742518351
198.6,132.4,0.0,192.0,0.0,978.4,825.5,360,0.9667673716012085,0.0
277.0,0.0,0.0,191.0,0.0,968.0,856.0,360,0.6895306859205776,0.0
166.1,0.0,163.3,176.5,4.5,1058.6,780.1,28,1.062612883804937,0.027092113184828417
250.0,0.0,95.7,187.4,5.5,956.9,861.2,28,0.7496,0.022
192.0,288.0,0.0,192.0,0.0,929.8,716.1,90,1.0,0.0
214.9,53.8,121.9,155.6,9.6,1014.3,780.6,100,0.7240577012563982,0.044671940437412745
277.1,0.0,97.4,160.6,11.8,973.9,875.6,3,0.5795741609527246,0.042583904727535184
286.3,200.9,0.0,144.7,11.2,1004.6,803.7,56,0.505413901501921,0.03911980440097799
237.5,237.5,0.0,228.0,0.0,932.0,594.0,90,0.96,0.0
178.0,129.8,118.6,179.9,3.6,1007.3,746.8,100,1.0106741573033708,0.020224719101123598
190.0,190.0,0.0,228.0,0.0,932.0,670.0,365,1.2,0.0
339.0,0.0,0.0,197.0,0.0,968.0,781.0,14,0.5811209439528023,0.0
359.0,19.0,141.0,154.0,10.9,942.0,801.0,28,0.42896935933147634,0.030362116991643456
427.5,47.5,0.0,228.0,0.0,932.0,594.0,365,0.5333333333333333,0.0
136.4,161.6,125.8,171.6,10.4,922.6,764.4,28,1.2580645161290323,0.07624633431085044
190.0,190.0,0.0,228.0,0.0,932.0,670.0,28,1.2,0.0
145.4,0.0,178.9,201.7,7.8,824.0,868.7,28,1.3872077028885832,0.05364511691884456
313.3,145.0,0.0,178.5,8.0,1001.9,688.7,28,0.5697414618576444,0.025534631343759974
275.1,0.0,121.4,159.5,9.9,1053.6,777.5,3,0.5797891675754271,0.03598691384950927
266.0,114.0,0.0,228.0,0.0,932.0,670.0,180,0.8571428571428571,0.0
380.0,0.0,0.0,228.0,0.0,932.0,670.0,180,0.6,0.0
540.0,0.0,0.0,173.0,0.0,1125.0,613.0,3,0.32037037037037036,0.0
108.3,162.4,0.0,203.5,0.0,938.2,849.0,3,1.8790397045244691,0.0
382.0,0.0,0.0,186.0,0.0,1047.0,739.0,7,0.4869109947643979,0.0
277.2,97.8,24.5,160.7,11.2,1061.7,782.5,100,0.5797258297258298,0.0404040404040404
190.3,0.0,125.2,166.6,9.9,1079.0,798.9,14,0.8754598003152916,0.05202312138728324
249.1,0.0,98.8,158.1,12.8,987.8,889.0,28,0.6346848655158571,0.051384985949417906
272.8,105.1,81.8,209.7,9.0,904.0,679.7,28,0.7686950146627565,0.032991202346041054
222.4,0.0,96.7,189.3,4.5,967.1,870.3,100,0.8511690647482014,0.020233812949640287
133.0,200.0,0.0,192.0,0.0,927.4,839.2,3,1.443609022556391,0.0
229.7,0.0,118.2,195.2,6.1,1028.1,757.6,14,0.8498040922942969,0.026556377884196777
218.9,0.0,124.1,158.5,11.3,1078.7,794.9,14,0.7240749200548195,0.05162174508908177
289.0,0.0,0.0,192.0,0.0,913.2,895.3,3,0.6643598615916955,0.0
236.0,0.0,0.0,193.0,0.0,968.0,885.0,180,0.8177966101694916,0.0
150.0,237.0,0.0,174.0,12.0,1069.0,675.0,28,1.16,0.08
238.1,0.0,94.1,186.7,7.0,949.9,847.0,3,0.7841243175136497,0.029399412011759767
167.0,75.4,167.0,164.0,7.9,1007.3,770.1,56,0.9820359281437125,0.04730538922155689
236.0,157.0,0.0,192.0,0.0,972.6,749.1,28,0.8135593220338984,0.0
446.0,24.0,79.0,162.0,10.3,967.0,712.0,28,0.3632286995515695,0.023094170403587445
255.5,170.3,0.0,185.7,0.0,1026.6,724.3,7,0.7268101761252446,0.0
222.4,0.0,96.7,189.3,4.5,967.1,870.3,56,0.8511690647482014,0.020233812949640287
469.0,117.2,0.0,137.8,32.2,852.1,840.5,28,0.293816631130064,0.06865671641791045
424.0,22.0,132.0,168.0,8.9,822.0,750.0,3,0.39622641509433965,0.02099056603773585
250.0,0.0,95.7,191.8,5.3,948.9,857.2,28,0.7672,0.0212
387.0,20.0,94.0,157.0,14.3,938.0,845.0,28,0.40568475452196384,0.03695090439276486
250.0,0.0,95.7,191.8,5.3,948.9,857.2,100,0.7672,0.0212
540.0,0.0,0.0,162.0,2.5,1040.0,676.0,28,0.3,0.004629629629629629
149.0,117.6,91.7,182.9,7.1,953.4,780.3,28,1.22751677852349,0.04765100671140939
374.0,189.2,0.0,170.1,10.1,926.1,756.7,91,0.4548128342245989,0.027005347593582887
149.0,236.0,0.0,176.0,13.0,847.0,893.0,28,1.1812080536912752,0.087248322147651
323.7,282.8,0.0,183.8,10.3,942.7,659.9,56,0.5678097003398209,0.03181958603645351
116.0,173.0,0.0,192.0,0.0,909.8,891.9,3,1.6551724137931034,0.0
249.1,0.0,98.8,158.1,12.8,987.8,889.0,100,0.6346848655158571,0.051384985949417906
172.4,13.6,172.4,156.8,4.1,1006.3,856.4,14,0.9095127610208817,0.023781902552204172
505.0,0.0,60.0,195.0,0.0,1030.0,630.0,28,0.38613861386138615,0.0
250.0,0.0,0.0,182.0,0.0,1100.0,820.0,28,0.728,0.0
304.0,76.0,0.0,228.0,0.0,932.0,670.0,180,0.75,0.0
446.0,24.0,79.0,162.0,11.6,967.0,712.0,7,0.3632286995515695,0.02600896860986547
178.0,129.8,118.6,179.9,3.6,1007.3,746.8,28,1.0106741573033708,0.020224719101123598
213.8,98.1,24.5,181.7,6.7,1066.0,785.5,56,0.8498596819457436,0.0313376987839102
297.0,0.0,0.0,186.0,0.0,1040.0,734.0,7,0.6262626262626263,0.0
380.0,0.0,0.0,228.0,0.0,932.0,670.0,365,0.6,0.0
213.5,0.0,174.2,154.6,11.7,1052.3,775.5,100,0.7241217798594848,0.05480093676814988
252.0,0.0,0.0,186.0,0.0,1111.0,784.0,7,0.7380952380952381,0.0
233.8,0.0,94.6,197.9,4.6,947.0,852.2,56,0.8464499572284003,0.01967493584260051
375.0,0.0,0.0,186.0,0.0,1038.0,758.0,28,0.496,0.0
218.2,54.6,123.8,140.8,11.9,1075.7,792.7,14,0.6452795600366636,0.05453712190650779
122.6,183.9,0.0,203.5,0.0,958.2,800.1,28,1.6598694942903753,0.0
260.0,101.0,78.0,171.0,10.0,936.0,763.0,28,0.6576923076923077,0.038461538461538464
290.2,193.5,0.0,185.7,0.0,998.2,704.3,28,0.6399035148173673,0.0
200.0,133.0,0.0,192.0,0.0,965.4,806.2,28,0.96,0.0
385.0,0.0,0.0,186.0,0.0,966.0,763.0,7,0.4831168831168831,0.0
284.0,15.0,141.0,179.0,5.5,842.0,801.0,3,0.6302816901408451,0.01936619718309859
326.0,166.0,0.0,174.0,9.0,882.0,790.0,28,0.5337423312883436,0.027607361963190184
194.7,0.0,100.5,165.6,7.5,1006.4,905.9,3,0.8505392912172574,0.038520801232665644
388.6,97.1,0.0,157.9,12.1,852.1,925.7,7,0.40633041688111166,0.03113741636644364
203.5,305.3,0.0,203.5,0.0,963.4,630.0,90,1.0,0.0
339.0,0.0,0.0,197.0,0.0,968.0,781.0,3,0.5811209439528023,0.0
102.0,153.0,0.0,192.0,0.0,887.0,942.0,7,1.8823529411764706,0.0
155.0,183.0,0.0,193.0,9.0,1047.0,697.0,28,1.2451612903225806,0.05806451612903226
273.0,0.0,90.0,199.0,11.0,931.0,762.0,28,0.7289377289377289,0.040293040293040296
296.0,0.0,0.0,192.0,0.0,1085.0,765.0,7,0.6486486486486487,0.0
165.0,0.0,143.6,163.8,0.0,1005.6,900.9,14,0.9927272727272728,0.0
277.2,97.8,24.5,160.7,11.2,1061.7,782.5,28,0.5797258297258298,0.0404040404040404
167.0,75.4,167.0,164.0,7.9,1007.3,770.1,100,0.9820359281437125,0.04730538922155689
322.0,0.0,0.0,203.0,0.0,974.0,800.0,14,0.6304347826086957,0.0
387.0,20.0,94.0,157.0,11.6,938.0,845.0,56,0.40568475452196384,0.029974160206718347
246.8,0.0,125.1,143.3,12.0,1086.8,800.9,14,0.5806320907617504,0.0486223662884927
246.8,0.0,125.1,143.3,12.0,1086.8,800.9,28,0.5806320907617504,0.0486223662884927
213.5,0.0,174.2,159.2,11.7,1043.6,771.9,14,0.7456674473067915,0.05480093676814988
249.1,0.0,98.8,158.1,12.8,987.8,889.0,56,0.6346848655158571,0.051384985949417906
298.0,0.0,107.0,164.0,13.0,953.0,784.0,28,0.5503355704697986,0.0436241610738255
145.9,230.5,0.0,202.5,3.4,827.0,871.8,28,1.3879369431117203,0.023303632625085672
284.0,15.0,141.0,179.0,5.5,842.0,801.0,56,0.6302816901408451,0.01936619718309859
236.0,157.0,0.0,192.0,0.0,972.6,749.1,90,0.8135593220338984,0.0
254.0,0.0,0.0,198.0,0.0,968.0,863.0,180,0.7795275590551181,0.0
380.0,95.0,0.0,228.0,0.0,932.0,594.0,365,0.6,0.0
275.0,0.0,0.0,183.0,0.0,1088.0,808.0,7,0.6654545454545454,0.0
331.0,0.0,0.0,192.0,0.0,1025.0,821.0,3,0.5800604229607251,0.0
198.6,132.4,0.0,192.0,0.0,978.4,825.5,90,0.9667673716012085,0.0
439.0,177.0,0.0,186.0,11.1,884.9,707.9,56,0.42369020501138954,0.025284738041002276
303.6,139.9,0.0,213.5,6.2,895.5,722.5,28,0.703227931488801,0.020421607378129116
181.9,272.8,0.0,185.7,0.0,1012.4,714.3,28,1.0208905992303463,0.0
237.5,237.5,0.0,228.0,0.0,932.0,594.0,7,0.96,0.0
336.5,0.0,0.0,181.9,3.4,985.8,816.8,28,0.5405646359583952,0.010104011887072809
192.0,288.0,0.0,192.0,0.0,929.8,716.1,28,1.0,0.0
451.0,0.0,0.0,165.0,11.3,1030.0,745.0,28,0.36585365853658536,0.025055432372505546
400.0,0.0,0.0,187.0,0.0,1025.0,745.0,28,0.4675,0.0
296.0,0.0,0.0,186.0,0.0,1090.0,769.0,28,0.6283783783783784,0.0
214.9,53.8,121.9,155.6,9.6,1014.3,780.6,28,0.7240577012563982,0.044671940437412745
469.0,117.2,0.0,137.8,32.2,852.1,840.5,3,0.293816631130064,0.06865671641791045
376.0,0.0,0.0,214.6,0.0,1003.5,762.4,14,0.5707446808510638,0.0
310.0,0.0,0.0,192.0,0.0,1012.0,830.0,3,0.6193548387096774,0.0
213.5,0.0,174.2,159.2,11.7,1043.6,771.9,100,0.7456674473067915,0.05480093676814988
304.8,0.0,99.6,196.0,9.8,959.4,705.2,28,0.6430446194225722,0.03215223097112861
288.0,192.0,0.0,192.0,0.0,932.0,717.8,28,0.6666666666666666,0.0
450.1,50.0,0.0,200.0,3.0,1124.4,613.2,28,0.44434570095534326,0.0066651855143301485
